,team_name,total_losses
1224,Virtus.pro,545
43,ALTERNATE aTTaX,429
1160,Tricked,408
527,Heroic,407
443,G2,404
242,Complexity,396
525,HellRaisers,395
1439,mousesports,385
659,Liquid,384
400,FaZe,381
361,Envy,378
40,AGO,372
770,NiP,372
365,Epsilon,363
1399,fnatic,362
626,LDLC,360
668,Luminosity,359
1072,Spirit,356
237,Cloud9,354
817,OpTic,352
943,Renegades,337
748,NRG,324
753,Natus Vincere,316
611,Kinguin,314
756,Nemiga,304
1452,pro100,302
507,HAVU,301
461,Gambit,300
845,PRIDE,294
1043,Singularity,292
450,GODSENT,287
1077,Sprout,286
1117,TYLOO,279
132,BIG,276
116,Astralis,275
789,North,273
293,Dignitas,268
995,SJ,261
418,FlipSid3,250
1401,forZe,249
1125,TeamOne,248
996,SK,241
55,AVANGAR,240
1064,Space Soldiers,237
210,CLG,230
24,5POWER,229
232,Chiefs,226
1255,Windigo,226
833,PACT,222
1339,eUnited,221
56,AVANT,220
732,Movistar Riders,217
325,ENCE,207
767,Nexus,205
502,Ground Zero,203
965,Rogue,203
334,EURONICS,197
540,INTZ,197
933,Red Reserve,193
310,DreamEaters,191
896,Quantum Bellator Fire,189
1259,Winstrike,188
736,Mythic,184
476,Ghost,182
1074,Splyce,182
229,Chaos,175
648,Legacy,175
119,Athletico,172
1198,Valiance,171
179,Bpro,169
248,Copenhagen Flames,168
578,Izako Boars,166
1233,W7M,165
574,Isurus,162
431,Fragsters,161
331,EPG,161
1212,Vexed,160
552,Imperial,158
320,EHOME,157
690,MVP PK,157
1205,Vega Squadron,152
1482,x-kom,152
396,FURIA,152
1215,ViCi,152
1342,eXtatus,150
353,Endpoint,150
1183,Unique,148
139,BOOT-d[S],147
1033,Sharks,147
840,PENTA,144
685,MIBR,142
1041,Signature,140
802,ORDER,135
490,GoodJob,131
498,Grayhound,131
1414,iGame.com,130
1097,Syman,126
548,Immortals,125
785,Nordavind,124
763,New4,124
260,DETONA,123
1120,Tainted Minds,122
1145,TheMongolz,119
526,Heretics,119
470,GamerLegion,119
1393,expert,119
417,Flash,118
1096,Swole Patrol,115
1026,Selfless,113
852,Paradox,106
183,Bravado,105
249,Corvidae,105
1260,Winterfox,104
721,Misfits,100
1114,TSM,100
1226,Vitality,100
1400,fnatic Academy,99
270,Dark Sided,98
466,GameAgents,97
158,Beyond,96
89,Ambush,96
929,Recca,96
17,3DMAX,95
1338,eSuba,95
1129,Tempo Storm,94
138,BOOT,93
1009,SYF,92
478,Giants,89
39,AGG,89
547,Illuminar,89
368,Espada,88
84,Alpha Red,87
441,Furious,87
666,Lucid Dream,87
163,Binary Dragons,86
790,North Academy,85
1192,VG.CyberZen,85
828,Outlaws,85
1448,paiN,84
633,LGD,82
1484,x6tence Galaxy,81
1283,Yeah,80
202,C4,79
286,Denial,76
352,EnVyUs Academy,76
986,SCARZ Absolute,75
1131,Tengri,74
907,RED Canids,73
550,Immunity,72
1078,Squared,71
880,Preparation,70
177,Born Of Fire,70
587,Japaleno,70
1298,aAa,69
869,Playing Ducks,69
52,ATK,68
463,Gambit Youngsters,67
779,NoChance,67
82,Alpha,67
1248,Wild,66
161,Big Frames,66
1465,subtLe,66
691,MVP Project,65
198,Bulldozer,65
1073,Spirit Academy,64
1425,k1ck,64
655,LiViD,62
890,Prospects,62
916,RONIN,62
1119,Taboo,62
343,Echo Fox,62
605,Keyd,61
344,Eclipse,61
571,Invictus,61
997,SKADE,61
1052,Skyfire,60
719,Mineski,60
798,OFFSET,60
1066,Spacestation,59
316,E-frag.net,58
958,Rise Nation,58
513,HOLLYWOOD,58
1483,x6tence,58
186,Breakaway,58
600,KPI,57
281,Defusekids,56
389,FIVE,56
688,MK,56
216,CR4ZY,55
323,EMP,55
1434,madlikewizards,55
713,Method,55
837,PC419,53
474,Genuine,53
107,Aristocracy,53
714,MiTH,53
725,Monolith,53
681,MC,52
1416,iNTACT,52
1156,Torqued,51
397,FURIA Inagame,50
1234,WASD,49
493,Gorilla Gang,49
452,GOSU,49
856,Party Astronauts,49
562,Infamous,49
318,EDG,49
971,Royal Bandits,49
1111,TRIDENT,49
1182,Unicorns of Love,49
563,Infinity,49
440,Funky Monkeys,49
1105,TNC,49
1204,Vault,48
977,Rush,48
1172,UYA,48
975,Rugratz,48
1063,Space Jam,47
1142,The Quest,46
147,Bad News Bears,46
1450,passions,45
373,Evil Geniuses,45
255,CyberZen,45
364,Epiphany Bolt,45
167,Black Dragons,44
170,BlackOut,44
1150,Thunder Logic,44
173,Blight,44
835,PANTHERS,43
25,5balls,42
673,MAD Lions,42
521,Hard Legion,42
90,Ancient,42
385,FATE,41
812,OneThree,41
1056,Smoke Criminals,40
670,Lyngby Vikings,40
264,DIVIZON,40
1445,nxl,40
272,DarkPassage,40
1274,XPC,40
1208,VenatoreS,40
392,FRENCH CANADIANS,40
1022,Se7en,40
156,Berzerk,40
924,Reapers,39
671,Lynn Vision,39
200,Bushido Boyz,38
935,Redemption POA,38
584,JYP,38
247,Control,38
367,Escape,38
390,FLuffy Gangsters,38
706,Masterminds,38
1411,hREDS,38
1243,WePlayGames,38
214,CNB,37
1017,Santos,37
737,NASR,37
143,BTRG,37
298,Divine,37
252,Crowns,36
872,Pompa,36
1221,Vireo.pro,36
77,AlienTech,35
336,EXTREMUM,35
952,Riot Squad,35
415,Fire Dragoon,35
193,Brute,35
1124,Team123,35
1068,Spartak,34
1225,Vision,34
187,Bren,34
239,Codewise Unicorns,34
572,Invictus Aquilas,34
585,Jade,34
761,New England Whalers,34
355,Energy,33
637,LPSP,33
614,KlikTech,33
332,ETHEREAL,33
821,Orbit,33
726,Monstars,33
114,Asterion,33
215,CPH Wolves,33
844,PLINK,33
752,Na`Vi Junior,32
807,Oceanus,32
60,AZIO,32
906,RCTIC,32
1352,ex-DarkPassage,32
437,FrostFire,32
1093,Surge,31
362,Enyoy,31
599,KOVA,31
1430,m0nster,31
1256,Windigo Academy,31
887,Property,31
1116,TTFU,31
412,Final Feature,31
909,RESISTANCE,31
1196,VITALIS,31
701,Maple,31
762,New Identity,31
1418,iNation,31
372,Evidence,30
545,Ignis,30
371,Etherian,30
698,Malvinas,30
460,Gale Force,30
383,F1-racecar-PEEK,30
972,RuSh3D,30
38,AGF,30
1171,UTM,30
1331,dream[S]cape,30
99,Arcade,30
1473,unknown,30
1487,zARLANS,30
211,CLG Academy,30
914,ROAR,30
428,Forty Six and 2,30
1103,TEAM5,29
865,Planetkey,29
524,HegemonyPerson,29
795,Noxide,29
1193,VG.Flash,29
1237,WINside,29
749,NSPR,29
345,Eclipse.o,29
1163,Triumph,29
136,BLUEJAYS,29
100,ArchAngels,29
858,Peeker's Advantage,28
145,BX3,28
46,ANOX,28
1369,ex-Outlaws,28
375,Evolution,28
1355,ex-Epsilon,28
1464,spray'n'pray,28
921,Rap Gang,28
938,Refuse,28
1334,eFuture,28
1262,Wisla Krakow,28
314,Dynasty,28
305,Dracarys,28
960,Risky,27
425,Forcebuy,27
219,CSGL,27
1100,T.O.T,27
899,QuetzaL,27
1472,undefined,27
406,Fam143,27
57,AVEZ,27
137,BOOM,27
1027,Sensei,27
258,D13,27
535,Hysteria,27
1461,seadoggs,27
348,Empire,27
634,LGR,27
1000,SMASH,27
925,Reason,26
427,Formidable,26
528,HoP,26
598,KKona,26
716,Miami Flamingos,26
1025,Seed,26
62,Absolute,26
469,GameplayDNA,25
162,BigGods,25
797,Não Tem Como,25
1138,The Fundamentals,25
679,MAX,25
2,1337,25
853,Parallax,25
245,Conspiracy,25
1010,Sabertooth,25
1357,ex-Fragsters,25
160,Big 5,25
810,Old Guys Club,25
717,Millenium,24
472,Gatekeepers,24
492,Gorilla Core,24
421,Flow,24
409,Fierce,24
987,SEAL,24
207,CHAOS,24
939,Rejected,24
1282,Yalla,24
676,MANS NOT HOT,24
861,Phoenix,24
900,R!OT,23
731,Mostly Harmless,23
3,1337HUANIA,23
13,2KILL,23
434,FrenchFrogs,23
610,Kings,23
788,Norse,23
956,Riotous Raccoons,23
1140,The Pioneers,23
700,Manatee,23
642,Lazarus,22
520,Hafnet,22
1058,SoaR,22
1392,exceL,22
50,ARES,22
358,Enso,22
360,Entity,22
486,Goliath,22
994,SIN,22
541,INTZ.Academy,22
457,GX,22
433,Freedom 35,21
484,GoldenGitte,21
592,Just Swing,21
1458,rewound,21
267,Damage Control,21
871,Polar Ace,21
285,DenDD,21
110,Ascent,21
1301,adwokacik,21
126,Avalanche,21
692,MVP.karnal,21
154,Bee's Money Crew,21
49,ARCY,21
1202,Variance,20
591,Juggernauts,20
1254,Wind and Rain,20
192,Brutality,20
680,MAXISAUCISSE,20
54,AUGUST,20
1271,X,20
667,Lucky7,20
504,Guerrilla Tactics,20
754,Naventic,20
703,Mask Off,20
283,Demise,20
499,Great Danes,20
518,Ha MaSSe,20
636,LOG,20
1095,Swole Identity,20
1185,Universe,19
901,R-Stars,19
850,Panda,19
340,Eanix,19
1375,ex-Space Soldiers,19
153,Beacon,19
969,Rooster,19
234,Chris and the boys,19
85,Alpha Sydney,19
1269,WySix,19
596,K29,19
1223,Virtue,19
65,Adaptation,19
377,Excelerate,19
1454,rTE,19
884,ProGaming,19
165,Bizarre,18
79,AllGamers,18
81,Alma,18
824,Orgless,18
33,9z,18
889,Prophecy,18
11,2990,18
1217,Vikings,18
741,NOBO,18
745,NOREG,18
1155,Torpedo,18
1340,eXploit,18
1336,eL'quvet,18
1319,cantwinalan,18
284,Demolition Crew,18
631,LFAO,18
544,Iceberg,18
403,Falkol,18
747,NOVA,17
930,Recon 5,17
489,Good People,17
1149,Threats,17
512,HG,17
1135,The Final Tribe,17
589,JiJieHao,17
751,NYYRIKKI,17
678,MASSIVEimpact,17
1024,Secret fe,17
1188,Uruguay,17
0,100 Thieves,17
1380,ex-Velocity,17
296,District 7,17
1415,iNETKOXTV,17
356,Energy Pacemaker,17
1214,Vexilla,17
230,CheckSix,17
1327,devils.one,17
91,Andes,16
1286,ZDM,16
590,Jordan's Money Crew,16
1345,ex-3DMAX,16
820,Orange,16
707,Mazaalai,16
501,Grizzlys,16
1132,Test Takers,16
72,Ajax,16
71,Airborne,16
1466,teamasd,16
256,Cypher,16
879,Premier Rejects,16
565,Infused,16
661,Locastic,16
1404,g3x,15
638,LaZe,15
250,Coscu Army,15
1348,ex-Athletico,15
439,Funkd,15
561,Incept,15
451,GODSENT Academy,15
799,OG,15
905,RBG,15
594,Justice,15
14,2ez,15
1136,The Foundation,15
863,Pixel,15
959,Rise and Grind,15
97,Apeks,15
505,Gux & Friends,15
122,Atlants,15
1272,XCN,15
515,HWML,15
329,ENZO,14
1076,Spotnet,14
306,Dragons,14
586,Jaguar,14
369,Esper,14
1134,The Entourage,14
1082,Station7,14
304,Downfall,14
1295,Zonic,14
1349,ex-Atmosphere,14
1302,ahq,14
808,Odense,14
917,ROYALS,14
923,Really Old People,14
934,Red Wolf,14
74,Akopalipsa,14
954,Riotous,14
957,Ripple,14
1421,ikarus,14
115,Astral Influence,14
674,MAJESTY,14
801,OPAA,14
1409,h00liGaNz,14
784,NokSuKao,14
135,BLITZKRIEG,14
1013,Salamander,14
1030,SetToDestroyX,14
235,Chrome,14
564,Inflames,14
694,Magistra,14
510,HEXAGONE,14
1153,Titan,14
558,In The Lab,13
1429,lol123,13
29,7642,13
867,Platinium,13
330,EOX,13
275,DeToNator,13
663,LowLandLions,13
1477,volgare,13
951,Revolution,13
1267,Worst Players,13
213,CLG Red,13
468,GameTV,13
398,FURY,13
204,CAZ,13
606,Keymotion,13
728,Morior Invictus,13
966,Rogue Academy,13
435,FriendlyFire,13
436,Front,13
105,Arena Bulls,13
990,SG.pro,13
553,Imperio Multimedia,13
1023,Secret,13
805,Obey.Alliance,13
144,BTRG.IMBA,13
1485,xTc,13
47,ANTI ECO,12
34,?,12
647,LeftOut,12
155,Ben's Anime Team,12
627,LDLC Blue,12
543,IPET,12
480,Global,12
657,Limitless,12
1320,carboN,12
1310,beGenius,12
684,MFC,12
246,Content,12
488,Good Game PR,12
695,Main Street,12
949,Revolte,12
426,Forge,12
184,Bravos,12
836,PAPERPLANES,12
715,MiTH.Maple,12
733,Muffin Lightning,12
78,All Knights,12
1405,gBots,12
1264,Without a Roof,12
1236,WG,12
602,Kaliber,12
322,EMC,12
324,EN9MY,12
380,Exile5,12
672,MAC-51,11
1288,ZOOWEEMAMA,11
294,Dignitas fe,11
1312,boxr,11
241,Comanche,11
1007,STEP,11
419,FlipSid3 Academy,11
950,Revoltz,11
555,Impossible,11
1294,Zone,11
1442,nerdRage,11
196,Budapest Five,11
1377,ex-Synthetik,11
1453,proWince,11
109,Armada,11
401,Faint,11
1180,Underdogs,11
758,Netland,11
1265,Wizards,11
1273,XFORCE,11
711,Merciless,11
1279,YETTI,11
1403,fruits,11
1044,Sinister5,11
1332,dreamchasers,11
1045,Sinisters,11
1187,Uranus,11
1413,hookahlike,11
1050,SkitLite,11
27,5orgless,11
301,Dobry&Gaming,11
411,Fighting 4 Freedom,11
357,Enigma6,11
1232,VwS,11
194,Buckets,10
197,Bull,10
262,DINQ,10
182,Brasil Gaming House,10
897,Queso,10
378,Exdee,10
1321,catman,10
244,Conquest,10
825,Orion,10
366,Epsilon Hype,10
20,4dimensioN,10
88,Ambition,10
7,1WIN,10
271,Dark Tigers,10
910,RESOLUTE,10
662,London,10
623,LAN DODGERS,10
1241,Warthox,10
1092,Supremacy,10
1459,roughtimes,10
391,FMESPORTS,10
537,IDM,10
546,Ignite,10
1299,absolute mad lads,10
1290,Ze Pug Godz,10
108,ArkAngel,10
1476,vitrioL,10
8,2019,10
1360,ex-Iceberg,10
455,GUNRUNNERS,10
453,GTV.Revolution,10
991,SHIFT,10
273,Darkhorse,10
477,Ghost Academy,10
1358,ex-Fury,10
781,Noble,9
118,Asuna's Anime Aimers,9
117,Astro,9
224,Carnage,9
148,Baecon,9
454,GTZ Bulls,9
500,Grinny Bankers,9
374,Evilvice,9
149,Bajini Puleni,9
509,HEADSHOTBG,9
1341,eXplosive,9
394,FUAH,9
157,Besiktas,9
180,Bragantino,9
467,GamePub,9
1251,Win Scrims Not Matches,9
171,Blackwoodproductions,9
98,Aperture,9
188,Brewtopia,9
1423,inchk1ng,9
970,Royal,9
919,RUFUS,9
1315,buaksib,9
928,Rebirth,9
664,Lowkey,9
1219,Vindicta,9
533,Hyper,9
849,PUR$i$EURA,9
282,Delete,9
1435,maquinas,9
843,PITS,9
35,ACG,9
1326,deadweight,9
1086,Storm Rider,9
1305,attackiereN,9
1280,YP,9
76,AliGon,9
628,LDLC White,8
566,Innova,8
1246,Whatever It Takes,8
1329,dizLown,8
1115,TShow,8
48,AOES,8
21,5FRAGS,8
1067,Sparta,8
813,OneWay,8
315,E-Corp,8
338,EZG,8
1303,aimclub,8
870,Pnda,8
983,Rão,8
809,Off The Grid,8
864,PixelFire,8
1098,Syntax,8
1080,Squirtle Squad,8
53,ATMOS,8
926,Rebellion,8
777,No Tenemos Nada,8
776,No Quarter Cartel,8
445,GAMERZONE,8
80,AllTheStars,8
743,NONAME,8
1478,wNv,8
709,MeMyself&I,8
359,Enter,8
233,Chosen5,8
831,Overpowered,8
696,Majestic Lions,8
1480,warmup,8
354,Enemy,8
222,Caladrius,8
238,Clutch Solutions,8
243,Conquer,8
1235,WE GOT GAME,8
1184,Unity,8
898,Quest,8
269,Dark Origin,8
1167,Turkey5,8
370,Eternal,8
886,Project X,8
251,Cream,8
1424,k0pfsache,8
190,Broken Alliance,8
347,Elite Wolves,8
494,Granit,7
1191,VG.Anthrax,7
124,Atmosphere,7
1470,tomorrow will be better,7
1432,m1x,7
479,Glacon,7
982,Rysix,7
1406,glassysky,7
51,ATB,7
471,Games Academy,7
61,Above the Rest,7
932,Red Instinct,7
31,8EASY,7
456,GUTS,7
955,Riotous Academy,7
67,Aerowolf,7
800,ONEGODLIKE,7
511,HEY,7
6,1UP,7
482,Glockoma,7
1460,sAw,7
1463,slashLEVEL,7
1190,VENI VIDI VICI,7
1112,TRIDENT Storm,7
1162,Tricksters,7
1083,Stay Frosty,7
341,Eastern Vikings,7
404,Fallen5,7
1019,Savor the Fear,7
1354,ex-Denial,7
1263,Without Warning,7
1211,Vesuvius,7
429,Fragging for Andy,7
309,Dream,7
620,Kungar,7
1036,Shooting Monkeys,7
723,Monarchs,7
1337,eRa,7
414,Finest,7
1333,eEriness,7
1257,Wings,7
1367,ex-Naventic,7
1049,Skin Ogres,7
1008,STREAMLINE,7
686,MIKSTURA,7
1168,Turma do Pagode,7
1381,ex-Virtus.pro,7
1130,Tenerife Titans,7
444,G2V,7
1055,Slovakia,7
1001,SMAZING,7
1379,ex-Titan,7
420,FlipSid3 Africa,7
697,Maknitude,7
653,Levitate,7
399,FYB,7
1330,dreamWorse,7
1300,ad hoc,6
538,IMBA.SAS,6
536,I sleep,6
1293,Zoctai,6
266,Dai Dai,6
58,AWTR,6
539,INFURITY,6
1062,Space Academy,6
1176,UltiCoin,6
630,LEOPARD,6
1127,Temp.no,6
386,FCDB,6
1146,Think Outside the Box,6
576,Ivyaert,6
579,J2G,6
1253,WinOut,6
10,24BHB,6
891,Publiclir.se,6
303,Down To Frag,6
349,Emprox,6
912,RJ Absolute,6
595,K23,6
337,EYESports,6
496,Gravity,6
615,Knights,6
1060,SofaKingGood,6
730,Most Wanted,6
710,Mentality,6
532,Huzy,6
1431,m0nster white,6
1039,Shukufuku Sunshine,6
220,CSGO2x,6
759,Neverest,6
1011,Sad Story,6
974,Rudy's Players Club,6
1346,ex-AVANT,6
834,PANTERS,6
1372,ex-Royal Bandits,6
113,Aster,6
769,Nface,6
774,Nitrious,6
1157,Tortues Ninja,6
1412,heX,6
240,Colombia,6
475,Geostorm,6
1209,VeritasAequitas,6
942,Remo Brave,6
783,Node,6
1034,Sherifi,6
1420,icsu,5
1016,Sangal,5
1362,ex-MC,5
941,Reload,5
1378,ex-Tempo Storm,5
1020,Say No More,5
1128,Tempest,5
1383,ex-Wild,5
1210,Very1z,5
1361,ex-Luminosity,5
1229,VodkaJuniors,5
1350,ex-BLUEJAYS,5
1266,Wolsung,5
1323,coREA,5
1061,Sons of Scoots,5
1065,SpaceStress,5
1304,ajukreizi,5
1070,SpeedRunners,5
1047,Sinners,5
1046,SinnerS,5
1433,mCon,5
953,Riot fe,5
1085,Stifmeister,5
1292,Zeta Strike,5
1087,Stormborns,5
1144,TheGosuCrew,5
1107,TOP GUN,5
1195,VG.Renascence,5
944,Replays.net,5
1488,zzz,5
227,CeX,5
268,Darayu Delta Squad,5
862,PiTER,5
718,Millenium fe,5
742,NOM,5
69,Aim4R,5
851,Paper Rex,5
654,LiNE5 Academy,5
30,8 Minded,5
846,PRINCEADIL,5
217,CS-GO.rs,5
123,Atlas,5
37,AEON,5
682,MDL Jammers,5
393,FTW,5
683,MELBET,5
45,ANIMALS,5
826,Oserv,5
804,OVERDRIVE,5
822,Orbit fe,5
128,BBC,5
811,One More Time,5
702,Marskalk,5
66,Aequus,5
704,Masked,5
23,5Love.N4,5
857,Pathless,5
295,Dippers,5
277,Deathtrap,5
346,Eimi Fukada FC,5
765,NewliFe,5
101,Arctic,5
15,3 NEW 2 OLD,5
772,NiceShot,5
619,Kryvbas,5
624,LANg0ds,5
483,Golden Children,5
629,LDLC fe,5
280,DeepDarkDanger,5
487,Good Fellas,5
603,Kansas City Pioneers,5
894,Quad,5
93,Ange's Big Toe,5
458,Galactica,5
874,Pompa Black,5
902,RANKS,5
639,Ladon,5
459,Galatics,5
1035,Shidiots,4
473,Gen.G,4
724,Mongolia,4
1042,Singapore,4
481,GlockWork,4
276,Dead Pixels,4
1175,Ulti,4
125,Atrapa2,4
746,NOTBAD,4
261,DICKHOUSE,4
1307,autocracy,4
102,Ardeont,4
503,Guerilla Method,4
497,GrayToad,4
1417,iNTRO,4
104,Area08 fe,4
1031,Shadows,4
903,RAVE,4
1322,cats,4
523,Heavy KnockOut,4
641,Latingamers,4
1133,Thailand,4
195,Budapest Corvini,4
1088,Strictly Business,4
1374,ex-Singularity,4
580,JAM,4
191,Brutalis,4
583,JSBF,4
1099,Söderberg & Partners,4
1122,TamuluS,4
1102,TEAM1231,4
617,KoN Norway,4
1104,TEAMMATE,4
1356,ex-Findictus,4
607,KhARUM,4
570,Intic,4
201,BuzzKill,4
560,InFamous,4
225,Carnage fe,4
134,BL4ZE,4
231,CheeseLTD,4
1054,Slaughter Rage Army,4
689,MOTV,4
1397,fbg,4
1113,TRS,4
221,CSatse,4
206,CG,4
1152,TitaNs,4
140,BOT,4
556,Impulse,4
652,Let's Quit,4
1388,ex-g3x,4
1387,ex-eUnited,4
1194,VG.Potential,4
465,Game4Glory,4
1231,Vulture,4
1289,ZZCY,4
848,PUGSTAR5,4
1240,Warriors,4
1239,Wargods,4
1281,YP Ladies,4
388,FGE,4
395,FULL SEND,4
1005,SPRITTET,4
1457,really weird,4
823,Org Incoming,4
819,Operation Kino,4
1228,Vizard,4
1227,Vitória,4
963,Roar,4
410,Fierce Tiger,4
413,Finesse,4
381,Expendables,4
1247,White Rabbit,4
1249,Wildcats,4
920,Random5,4
1261,Wise,4
1486,xoxo,4
1268,Wubbalubbadubdub,4
312,Duck Nutz,4
1479,walkover,4
1252,WinFiction,4
878,Predator,4
1250,Will to Win,4
877,Precision,4
19,4US,4
22,5FRAGS.EKB,4
927,Rebels,4
1475,visomvet,4
1474,v0rtex 5	,4
1222,Virtual Genesis,4
1359,ex-Genuine,4
791,Not Academy,4
803,OTFS,4
775,No Limits,4
782,Nocturns,4
1446,onestop,4
1438,mouseSpaz,4
993,SILENT,4
292,Digital Wave,4
68,Agressive,4
86,Alter Your Ego,4
976,Runtime,4
87,Altima,4
424,Force of Nature,4
83,Alpha Nerds,4
773,Niknexus,4
462,Gambit Academy,4
1197,Vaevictis,4
1440,n0_0rg,4
485,GoldenMix,3
288,Depre,3
1275,XPRESIV'E,3
289,Dethrone,3
199,Bunkergg,3
577,Iwku,3
1220,Violight,3
1351,ex-Caladrius,3
189,Bring It On,3
1123,Team peacemaker,3
1199,Valorix,3
1258,Wings.V,3
181,Braindead,3
317,ECLOT,3
601,KUURA,3
319,EGOBOYZ,3
176,Born,3
328,ENTiTY.Gold,3
311,DreamRAR,3
1344,ex-31337,3
569,Instinct,3
447,GEX,3
257,Czech Republic,3
236,Clarity,3
517,HZ,3
1218,Vilay,3
516,HYDR,3
529,Holo,3
1161,Tricked Academy,3
1317,call it luck,3
1316,cOOLkids,3
407,FeelsUnderAgeMan,3
430,Fragsport,3
387,FENNEC ,3
218,CSBL,3
1178,Under 21,3
1311,blitz,3
212,CLG Green,3
1147,Third Times a Charm,3
438,FunPlus Phoenix,3
302,Dogs of War,3
307,Drama Dogs,3
382,Exsto,3
1244,WeRise,3
442,Future Perfect,3
559,InControl,3
205,CERUS,3
254,Cursive,3
1139,The Mad Lads,3
904,RB,3
1084,Stepback,3
757,Neolution Lelix,3
940,Rekt,3
818,OpTic India,3
735,Mystical,3
1028,Sentinel,3
1410,hASSeLsNOk,3
961,RivaL,3
1038,ShotCallers,3
1040,Sigma,3
830,Overcome,3
832,OwmS,3
838,PELAFUSTANES,3
705,Master Grade,3
44,ALTERNATIV,3
133,BIG Academy,3
1051,Skjuta Hess,3
842,PG BarracX,3
36,AE,3
945,Reseaux,3
121,Atlando,3
967,Rogue.mix,3
103,Ardeont Academy,3
1002,SMC,3
1436,maskinisterna,3
981,Rynnäkköviikset,3
786,Nordic Warthogs,3
780,NoTag,3
998,SKDC,3
1447,ownage,3
978,Russia,3
94,Anonymous,3
612,Kinship,3
1427,kinetic,3
771,Nice,3
1426,kalajarnot,3
766,Next Generation,3
973,Rude,3
760,Nevermad,3
1014,Saltbae,3
1395,faithIN,3
1444,noKappa,3
915,ROCK CANDY,3
911,RHD,3
1373,ex-SEAL,3
1371,ex-Riotous Academy,3
675,MALCO,3
640,Las Vegas MiniGunners,3
16,30.6,3
622,L4Org,3
913,RMU,3
881,Preparation.Yellow,3
621,L'arrosoir,3
151,Ballistix,3
644,Leader-1,3
618,KoN Sweden,3
164,Bitfix,3
931,Recursive,3
860,Phenomenon,3
656,Licht,3
669,LunatiK,3
1469,tomorrow,3
1110,TQM,3
1109,TOXIC,3
616,KoN Denmark,3
895,Quadruno,3
1389,ex-iNTACT,3
1363,ex-Manatee,3
908,RES,3
1090,SuperMassive,3
5,1944,2
291,Devious ,2
313,Dutch Prodigy,2
1291,ZetMac,2
4,13th Hour,2
1449,paiN fe,2
1468,timbermen,2
64,Ace High,2
299,Divine Soldiers,2
32,90ss,2
28,6sense,2
1278,Xunwu Teamwork,2
290,Devious,2
1471,ttc,2
26,5cent,2
1276,XUXAN,2
300,DivisionX,2
1284,Young Blood,2
63,Acapella,2
18,4'US,2
1456,ratoes,2
1285,Youngsters,2
1455,rUNITED,2
308,Drawn to Fulfillment,2
297,District 9,2
59,AYB,2
9,20matar,2
41,AKARA,2
175,BootKamp,2
73,Akatsuki,2
203,CAI,2
226,Carpe Noctem,2
223,Candy Camel,2
1394,expert fe,2
141,BOTS,2
1390,ex-noMERCY,2
208,CHI DA?,2
1386,ex-eRa,2
1385,ex-Windigo,2
1384,ex-Wind and Rain,2
142,BRIEF,2
146,BYNIE,2
1347,ex-Astral Authority,2
228,Champagne SuperNova,2
152,Baltic Elite,2
159,BiG MiSTAKE,2
326,ENCHANT POISON,2
1376,ex-Storm Riders,2
1370,ex-Paradox,2
1353,ex-Deathtrap,2
185,Brazen,2
168,Black Horus,2
1365,ex-Morior Invictus,2
178,Born in Mongolia,2
172,Blank,2
1396,fakeDOSPRO,2
1328,disADVANCtagED,2
1437,miMo,2
1306,auRa,2
1296,Zorka,2
1297,a-game raise,2
279,DedSet,2
278,Deceptors,2
92,Andrew's Big Toe,2
95,Anunnaki,2
1422,imperial,2
274,Dawn of Stars,2
1419,iYATi,2
111,Assassins,2
112,Assault Team,2
1309,bamboozled,2
1398,fish123,2
263,DISMAY,2
1408,greedisgood,2
1407,gloryUS,2
127,Azure,2
1318,calmface,2
259,DEFY,2
129,BBSP,2
130,BE INFAMOUS,2
1402,forZe.FY,2
253,Crystal Vision,2
131,BFAIM,2
321,EMASTERS,2
464,Gamdias,2
327,ENCORE,2
593,Just.MSI,2
658,Lin4evateli,2
665,Luccini,2
1059,Soberano,2
1057,Snabbabrillor,2
687,MISO,2
693,MWNL,2
699,Mammoth,2
1048,Sippintea,2
708,MbI MuKC,2
712,Metapods,2
720,Minttu,2
722,Mock-it,2
727,Moops,2
729,Moscow Five Academy,2
1032,Shanghai Emperors,2
1029,Serbia,2
738,NEO Blue,2
739,NGA.G,2
740,NIRVANA,2
1069,Spawn,2
651,Lemondogs,2
649,Legend,2
1094,Swift,2
597,KAV0,2
1118,TYLOO fe,2
604,Kazek,2
609,Kingpins,2
1108,TORI,2
613,Kitsune,2
1106,TOLY,2
1101,T5,2
625,LDDM,2
646,Lebanon,2
1091,Supernova,2
1089,Strings' Llama Pack,2
632,LGB fe,2
635,LLG,2
333,EU4IA,2
643,Lazarus fe,2
1079,Squared Prospects,2
645,Leapfrog,2
1021,Scotty's Scooter,2
750,NUT,2
1018,Saskatoon Warriors,2
859,Penn State,2
829,OverSports,2
839,PENSIONERS+2,2
948,Revolt,2
947,Revelation,2
946,Retired,2
855,Paris Gaming School,2
937,Reform,2
936,Reflex,2
866,Plantronics,2
962,RoX,2
873,Pompa Academy,2
875,PopcornPlokker$,2
876,Power Ace,2
882,Prima,2
883,ProGamers,2
885,Project Lunacy,2
892,PuddiPuddi,2
893,QuackPack,2
827,Otter,2
964,Rofed,2
755,NeedJobs,2
992,SI,2
1015,Samurai,2
764,NewBALLS,2
768,Nexus Storm,2
1006,SSU White,2
1004,SP,2
1003,SODMG,2
999,SLK,2
778,No2B,2
787,Normal People and Rustun,2
968,Ronin Horde,2
989,SFTO,2
792,Nova,2
984,S2N,2
980,RvN,2
979,Russian Street Party,2
796,Number,2
806,Oceanic,2
815,OnlineRol,2
1121,Talon,2
1081,Station-751,2
588,JavsrieN,2
1126,Telecon.Jundiaí,2
1206,VeloX,2
449,GG1337,2
1203,Vatos Locos,2
1189,VB,2
491,Goodfellas,2
1186,Updraft,2
495,Granted,2
508,HD,2
1158,TradeMarc,2
1179,UnderPressure,2
1169,UP,2
522,Hawks,2
1166,Turkey,2
1165,Tundra,2
1164,Trumps Anime,2
530,Hot Ass,2
1207,Velocity,2
448,GG,2
1213,Vexed fe,2
432,Fraternitas,2
335,EXORS,2
339,EaV,2
342,Eat You Alive,2
350,En av de lette,2
363,EoN,2
376,Ex-Rejected,2
379,Exertus fe,2
1242,WeGotGame,2
384,FAB,2
1238,WarMonkeys,2
402,FakeOutNation,2
1230,Vulkanbet,2
408,FiVe,2
423,Force of Modem,2
1216,ViNCO,2
1159,Tribo Fu,2
1181,Unemployed for Christmas,2
744,NOORG,2
1141,The Prime,2
557,Impunity,2
1154,TogetherAsOne,2
568,Insomnia,2
567,Insidious,2
1151,TinderklubeN,2
551,Impact,2
554,Imperium,2
549,ImmuNe ,2
542,INTZ.Home,2
1148,Those Damn Canadians,2
582,JMD,2
531,Hurricane Dolphin,2
581,JESTE,2
1451,pharsyde,1
1368,ex-Nitrious,1
1462,seven,1
841,PEY,1
42,ALLIN,1
166,Black,1
1143,TheDice,1
1343,evicted,1
416,FiveG,1
1287,ZEN,1
814,OnlineBOTS,1
422,FootGang,1
405,Fallout,1
816,Onyx,1
1467,thnakes,1
169,Black Label Society,1
351,EnVision,1
888,Property fe,1
1270,Wyvern,1
12,2K,1
608,Kheegui,1
1481,weneeddollars,1
575,Itakera Classic,1
918,RRQ,1
922,Rascal Jester,1
174,Bojestvata,1
1366,ex-NSPR,1
573,Isak,1
868,Play4Lan,1
1137,The Foxes,1
1277,Xtreme Lungiz,1
1245,Weekend Warriors,1
1364,ex-Mentality,1
854,Paranoia,1
847,PSYCHOACTIVE,1
446,GD,1
677,MARKandLARRY,1
794,Novacancy,1
1170,USSR,1
1177,Umumba,1
1313,breaddren,1
120,Athletico Gold,1
1314,bruto500,1
514,HUEHUE,1
734,MxB,1
1174,Ukraine,1
1173,Uber To Your Crib,1
1037,Shot,1
1,100pinggods,1
650,Legends,1
519,Hadouken,1
1071,Spirifex,1
534,HyperioN,1
1324,cokeline,1
1325,dAT,1
1053,SlashCry,1
1391,exDT,1
106,Aria,1
265,DZVER,1
793,Nova Dragons,1
1201,Vantage,1
1443,nevermind,1
70,Aimers Alive,1
660,Living Like Larry,1
985,S2V,1
209,CL4NLESS,1
988,SFT,1
75,Alcoholics Anonymous,1
287,Denmark,1
1200,Valour,1
1075,Spot Up,1
150,Balderisnor,1
1428,lapw,1
1335,eGeneration,1
1382,ex-Vizard,1
506,HARDNEJA,1
96,Anxiety,1
1012,Sadbots,1
1308,average25iqbutheadshots,1
1441,neXtPlease!,1
